Player,Matches_x,Innings_x,Not Out,Runs_x,Highest Score,Average_x,Balls Faced,Strike Rate_x,100,50,0,4s,6s,Batting Position,Boundary %,Matches_y,Innings_y,Balls,Overs,Maidens,Runs_y,Wickets,Average_y,Economy,Strike Rate_y,4 wickets,5 wickets
F du Plessis (RCB),14.0,14.0,1.0,730.0,84,56.15,475.0,153.68,0.0,8.0,0.0,60.0,36.0,1.0,62.46575342,,,,,,,,,,,,
DP Conway (CSK),16.0,15.0,2.0,672.0,92*,51.69,481.0,139.7,0.0,6.0,1.0,77.0,18.0,1.0,61.9047619,,,,,,,,,,,,
RD Gaikwad (CSK),16.0,15.0,1.0,590.0,92,42.14,400.0,147.5,0.0,4.0,0.0,46.0,30.0,1.0,61.69491525,,,,,,,,,,,,
DA Warner (DC),14.0,14.0,0.0,516.0,86,36.85,392.0,131.63,0.0,6.0,2.0,69.0,10.0,1.0,65.11627907,,,,,,,,,,,,
RK Singh (KKR),14.0,14.0,6.0,474.0,67*,59.25,317.0,149.52,0.0,4.0,0.0,31.0,29.0,4.0,62.86919831,,,,,,,,,,,,
Ishan Kishan (MI),16.0,15.0,0.0,454.0,75,30.26,318.0,142.76,0.0,3.0,0.0,54.0,18.0,1.0,71.36563877,,,,,,,,,,,,
S Dube (CSK),16.0,14.0,3.0,418.0,52,38.0,264.0,158.33,0.0,3.0,0.0,12.0,35.0,4.0,61.72248804,,,,,,,,,,,,
N Rana (KKR),14.0,14.0,1.0,413.0,75,31.76,293.0,140.95,0.0,3.0,0.0,39.0,20.0,3.0,66.82808717,14.0,6.0,53.0,8.5,0.0,75.0,3.0,25.0,8.49,17.66,0.0,0.0
MP Stoinis (LSG),15.0,15.0,2.0,408.0,89*,31.38,272.0,150.0,0.0,3.0,2.0,28.0,27.0,4.0,67.15686275,15.0,5.0,65.0,10.5,0.0,100.0,5.0,20.0,9.23,13.0,0.0,0.0
GJ Maxwell (RCB),14.0,14.0,2.0,400.0,77,33.33,218.0,183.48,0.0,5.0,2.0,29.0,31.0,5.0,75.5,14.0,7.0,62.0,10.2,0.0,94.0,3.0,31.33,9.09,20.66,0.0,0.0
JC Buttler (RR),14.0,14.0,0.0,392.0,95,28.0,282.0,139.0,0.0,4.0,5.0,42.0,14.0,1.0,64.28571429,,,,,,,,,,,,
KR Mayers (LSG),13.0,13.0,0.0,379.0,73,29.15,263.0,144.1,0.0,4.0,2.0,38.0,22.0,3.0,74.93403694,,,,,,,,,,,,
S Dhawan (PBKS),11.0,11.0,2.0,373.0,99*,41.44,261.0,142.91,0.0,3.0,1.0,49.0,12.0,1.0,71.84986595,,,,,,,,,,,,
WP Saha (GT),17.0,17.0,1.0,371.0,81,23.18,287.0,129.26,0.0,2.0,2.0,47.0,8.0,1.0,63.61185984,,,,,,,,,,,,
B Sai Sudharsan (GT),8.0,8.0,1.0,362.0,96,51.71,256.0,141.4,0.0,3.0,0.0,33.0,12.0,3.0,56.35359116,,,,,,,,,,,,
SV Samson (RR),14.0,14.0,2.0,362.0,66*,30.16,236.0,153.38,0.0,3.0,2.0,25.0,24.0,3.0,67.40331492,,,,,,,,,,,,
N Pooran (LSG),15.0,15.0,3.0,358.0,62,29.83,207.0,172.94,0.0,2.0,2.0,26.0,26.0,4.0,72.62569832,,,,,,,,,,,,
HH Pandya (GT),16.0,15.0,4.0,346.0,66,31.45,253.0,136.75,0.0,2.0,0.0,26.0,15.0,4.0,56.06936416,16.0,11.0,150.0,25.0,0.0,228.0,3.0,76.0,9.12,50.0,0.0,0.0
NT Tilak Varma (MI),11.0,11.0,3.0,343.0,84*,42.87,209.0,164.11,0.0,1.0,0.0,26.0,23.0,4.0,70.55393586,,,,,,,,,,,,
RG Sharma (MI),16.0,16.0,0.0,332.0,65,20.75,250.0,132.8,0.0,2.0,2.0,35.0,17.0,1.0,72.89156627,,,,,,,,,,,,
AM Rahane (CSK),14.0,11.0,1.0,326.0,71*,32.6,189.0,172.48,0.0,2.0,0.0,24.0,16.0,4.0,58.89570552,,,,,,,,,,,,
JM Sharma (PBKS),14.0,14.0,1.0,309.0,49*,23.76,198.0,156.06,0.0,0.0,1.0,22.0,21.0,4.0,69.25566343,,,,,,,,,,,,
V Shankar (GT),14.0,10.0,2.0,301.0,63*,37.62,188.0,160.1,0.0,3.0,0.0,27.0,15.0,3.0,65.7807309,,,,,,,,,,,,
SO Hetmyer (RR),14.0,13.0,5.0,299.0,56*,37.37,197.0,151.77,0.0,1.0,0.0,12.0,23.0,5.0,62.20735786,,,,,,,,,,,,
JJ Roy (KKR),8.0,8.0,0.0,285.0,61,35.62,188.0,151.59,0.0,2.0,0.0,36.0,12.0,3.0,75.78947368,,,,,,,,,,,,
AR Patel (DC),14.0,13.0,3.0,283.0,54,28.3,203.0,139.4,0.0,1.0,0.0,21.0,15.0,4.0,61.48409894,14.0,13.0,282.0,47.0,0.0,338.0,11.0,30.72,7.19,25.63,0.0,0.0
LS Livingstone (PBKS),9.0,9.0,1.0,279.0,94,34.87,171.0,163.15,0.0,2.0,0.0,20.0,19.0,3.0,69.53405018,9.0,5.0,42.0,7.0,0.0,94.0,2.0,47.0,13.42,21.0,0.0,0.0
SM Curran (PBKS),14.0,13.0,3.0,276.0,55,27.6,203.0,135.96,0.0,1.0,0.0,20.0,13.0,4.0,57.24637681,14.0,14.0,287.0,47.5,0.0,489.0,10.0,48.9,10.22,28.7,0.0,0.0
KL Rahul (LSG),9.0,9.0,1.0,274.0,74,34.25,242.0,113.22,0.0,2.0,0.0,28.0,4.0,1.0,49.6350365,,,,,,,,,,,,
RA Tripathi (SRH),13.0,13.0,1.0,273.0,74*,22.75,213.0,128.16,0.0,1.0,1.0,29.0,10.0,3.0,64.46886447,,,,,,,,,,,,
MA Agarwal (SRH),10.0,10.0,0.0,270.0,83,27.0,210.0,128.57,0.0,1.0,0.0,29.0,6.0,1.0,56.2962963,,,,,,,,,,,,
D Padikkal (RR),11.0,11.0,1.0,261.0,52,26.1,200.0,130.5,0.0,2.0,0.0,31.0,6.0,3.0,61.30268199,,,,,,,,,,,,
DA Miller (GT),16.0,13.0,5.0,259.0,46,32.37,178.0,145.5,0.0,0.0,1.0,18.0,13.0,4.0,57.91505792,,,,,,,,,,,,
AK Markram (SRH),13.0,13.0,2.0,248.0,50,22.54,197.0,125.88,0.0,1.0,1.0,18.0,8.0,3.0,48.38709677,,,,,,,,,,,,
N Wadhera (MI),14.0,10.0,1.0,241.0,64,26.77,166.0,145.18,0.0,2.0,1.0,23.0,12.0,5.0,68.04979253,,,,,,,,,,,,
A Badoni (LSG),15.0,12.0,2.0,238.0,59*,23.8,172.0,138.37,0.0,1.0,0.0,13.0,12.0,3.0,52.10084034,,,,,,,,,,,,
TH David (MI),16.0,15.0,6.0,231.0,45*,25.66,146.0,158.21,0.0,0.0,2.0,12.0,15.0,3.0,59.74025974,,,,,,,,,,,,
Rahmanullah Gurbaz (KKR),11.0,11.0,0.0,227.0,81,20.63,170.0,133.52,0.0,2.0,2.0,17.0,15.0,3.0,69.60352423,,,,,,,,,,,,
AD Russell (KKR),14.0,14.0,3.0,227.0,42,20.63,156.0,145.51,0.0,0.0,1.0,13.0,18.0,5.0,70.4845815,14.0,9.0,91.0,15.1,0.0,172.0,7.0,24.57,11.34,13.0,0.0,0.0
Abhishek Sharma (SRH),11.0,11.0,0.0,226.0,67,20.54,157.0,143.94,0.0,2.0,1.0,28.0,6.0,4.0,65.48672566,11.0,5.0,72.0,12.0,0.0,124.0,2.0,62.0,10.33,36.0,0.0,0.0
PD Salt (DC),9.0,9.0,1.0,218.0,87,27.25,133.0,163.9,0.0,2.0,2.0,24.0,10.0,3.0,71.55963303,,,,,,,,,,,,
RR Rossouw (DC),9.0,9.0,2.0,209.0,82*,29.85,141.0,148.22,0.0,1.0,2.0,17.0,11.0,3.0,64.11483254,,,,,,,,,,,,
RA Jadeja (CSK),16.0,12.0,4.0,190.0,25*,23.75,133.0,142.85,0.0,0.0,0.0,11.0,9.0,5.0,51.57894737,16.0,16.0,342.0,57.0,0.0,431.0,20.0,21.55,7.56,17.1,0.0,0.0
KH Pandya (LSG),15.0,14.0,4.0,188.0,49*,18.8,165.0,113.93,0.0,0.0,3.0,15.0,6.0,4.0,51.06382979,15.0,12.0,252.0,42.0,0.0,313.0,9.0,34.77,7.45,28.0,0.0,0.0
A Taide (PBKS),7.0,7.0,0.0,186.0,66,26.57,129.0,144.18,0.0,2.0,1.0,20.0,6.0,3.0,62.3655914,,,,,,,,,,,,
Abdul Samad (SRH),9.0,8.0,4.0,169.0,37*,42.25,128.0,132.03,0.0,0.0,0.0,10.0,11.0,3.0,62.72189349,,,,,,,,,,,,
MK Pandey (DC),10.0,9.0,0.0,160.0,50,17.77,146.0,109.58,0.0,1.0,2.0,15.0,3.0,3.0,48.75,,,,,,,,,,,,
AT Rayudu (CSK),16.0,12.0,2.0,158.0,27*,15.8,113.0,139.82,0.0,0.0,1.0,10.0,9.0,4.0,59.49367089,,,,,,,,,,,,
M Shahrukh Khan (PBKS),14.0,13.0,6.0,156.0,41*,22.28,94.0,165.95,0.0,0.0,0.0,13.0,9.0,5.0,67.94871795,,,,,,,,,,,,
DC Jurel (RR),13.0,11.0,4.0,152.0,34*,21.71,88.0,172.72,0.0,0.0,1.0,11.0,9.0,3.0,64.47368421,,,,,,,,,,,,
Q de Kock (LSG),4.0,4.0,0.0,143.0,70,35.75,102.0,140.19,0.0,1.0,0.0,10.0,8.0,1.0,61.53846154,,,,,,,,,,,,
KD Karthik (RCB),13.0,13.0,1.0,140.0,30,11.66,104.0,134.61,0.0,0.0,4.0,13.0,5.0,5.0,58.57142857,,,,,,,,,,,,
Sikandar Raza (PBKS),7.0,7.0,2.0,139.0,57,27.8,98.0,141.83,0.0,1.0,0.0,10.0,6.0,3.0,54.67625899,7.0,6.0,72.0,12.0,0.0,119.0,3.0,39.65,9.91,24.0,0.0,0.0
MK Lomror (RCB),12.0,10.0,2.0,135.0,54*,16.87,97.0,139.17,0.0,1.0,1.0,9.0,8.0,3.0,62.22222222,,,,,,,,,,,,
Rashid Khan (GT),17.0,9.0,5.0,130.0,79*,32.5,60.0,216.66,0.0,1.0,2.0,8.0,13.0,4.0,84.61538462,17.0,17.0,402.0,67.0,0.0,552.0,27.0,20.44,8.23,14.88,1.0,0.0
MR Marsh (DC),9.0,9.0,0.0,128.0,63,14.22,97.0,131.95,0.0,1.0,2.0,11.0,7.0,3.0,67.1875,9.0,8.0,121.0,20.1,1.0,170.0,12.0,14.16,8.42,10.08,1.0,0.0
MM Ali (CSK),15.0,10.0,3.0,124.0,23,17.71,91.0,136.26,0.0,0.0,0.0,12.0,6.0,3.0,67.74193548,15.0,11.0,156.0,26.0,0.0,195.0,9.0,21.66,7.5,17.33,1.0,0.0
MW Short (PBKS),6.0,6.0,0.0,117.0,36,19.5,92.0,127.17,0.0,0.0,0.0,15.0,4.0,3.0,71.79487179,,,,,,,,,,,,
A Manohar (GT),9.0,6.0,0.0,114.0,42,19.0,83.0,137.34,0.0,0.0,0.0,6.0,7.0,3.0,57.89473684,,,,,,,,,,,,
SN Thakur (KKR),11.0,10.0,2.0,113.0,68,14.12,70.0,161.42,0.0,1.0,2.0,13.0,4.0,4.0,67.25663717,11.0,9.0,126.0,21.0,0.0,220.0,7.0,31.42,10.47,18.0,0.0,0.0
Aman Hakim Khan (DC),11.0,9.0,1.0,110.0,51,13.75,101.0,108.91,0.0,1.0,1.0,7.0,6.0,3.0,58.18181818,,,,,,,,,,,,
PP Shaw (DC),8.0,8.0,0.0,106.0,54,13.25,85.0,124.7,0.0,1.0,2.0,16.0,1.0,1.0,66.03773585,,,,,,,,,,,,
Anmolpreet Singh (SRH),4.0,4.0,0.0,105.0,36,26.25,82.0,128.04,0.0,0.0,0.0,15.0,2.0,3.0,68.57142857,,,,,,,,,,,,
MS Dhoni (CSK),16.0,12.0,8.0,104.0,32*,26.0,57.0,182.45,0.0,0.0,1.0,3.0,10.0,7.0,69.23076923,,,,,,,,,,,,
PN Mankad (LSG),5.0,5.0,2.0,93.0,64*,31.0,72.0,129.16,0.0,1.0,1.0,12.0,2.0,3.0,64.51612903,,,,,,,,,,,,
Anuj Rawat (RCB),9.0,7.0,4.0,91.0,29*,30.33,71.0,128.16,0.0,0.0,0.0,6.0,4.0,3.0,52.74725275,,,,,,,,,,,,
N Jagadeesan (KKR),6.0,6.0,0.0,89.0,36,14.83,81.0,109.87,0.0,0.0,1.0,14.0,1.0,4.0,69.66292135,,,,,,,,,,,,
R Tewatia (GT),17.0,10.0,6.0,87.0,20*,21.75,57.0,152.63,0.0,0.0,0.0,3.0,7.0,3.0,62.06896552,,,,,,,,,,,,
DJ Hooda (LSG),12.0,12.0,1.0,84.0,17,7.63,90.0,93.33,0.0,0.0,0.0,3.0,2.0,3.0,28.57142857,,,,,,,,,,,,
R Parag (RR),7.0,7.0,1.0,78.0,20,13.0,66.0,118.18,0.0,0.0,0.0,4.0,5.0,3.0,58.97435897,,,,,,,,,,,,
Harpreet Singh (PBKS),3.0,3.0,0.0,76.0,41,25.33,59.0,128.81,0.0,0.0,0.0,8.0,3.0,3.0,65.78947368,,,,,,,,,,,,
PBB Rajapaksa (PBKS),4.0,4.0,1.0,71.0,50,23.66,62.0,114.51,0.0,1.0,1.0,6.0,2.0,3.0,50.70422535,,,,,,,,,,,,
Vivrant Sharma (SRH),3.0,1.0,0.0,69.0,69,69.0,47.0,146.8,0.0,1.0,0.0,9.0,2.0,3.0,69.56521739,,,,,,,,,,,,
R Ashwin (RR),13.0,10.0,4.0,67.0,30,11.16,51.0,131.37,0.0,0.0,2.0,5.0,3.0,4.0,56.71641791,13.0,13.0,294.0,49.0,0.0,368.0,14.0,26.28,7.51,21.0,0.0,0.0
Lalit Yadav (DC),6.0,6.0,1.0,66.0,38,13.2,59.0,111.86,0.0,0.0,0.0,8.0,0.0,3.0,48.48484848,6.0,4.0,78.0,13.0,0.0,118.0,2.0,59.0,9.07,39.0,0.0,0.0
K Gowtham (LSG),7.0,7.0,3.0,61.0,23,15.25,37.0,164.86,0.0,0.0,0.0,2.0,5.0,3.0,62.29508197,7.0,6.0,96.0,16.0,0.0,118.0,3.0,39.33,7.37,32.0,0.0,0.0
Washington Sundar (SRH),7.0,5.0,1.0,60.0,24*,15.0,60.0,100.0,0.0,0.0,0.0,6.0,0.0,6.0,40.0,7.0,7.0,106.0,17.4,0.0,146.0,3.0,48.66,8.26,35.33,0.0,0.0
MG Bracewell (RCB),5.0,4.0,2.0,58.0,26,29.0,47.0,123.4,0.0,0.0,0.0,6.0,1.0,6.0,51.72413793,5.0,5.0,66.0,11.0,0.0,95.0,6.0,15.83,8.63,11.0,0.0,0.0
SN Khan (DC),4.0,4.0,0.0,53.0,30,13.25,62.0,85.48,0.0,0.0,0.0,4.0,1.0,4.0,41.50943396,,,,,,,,,,,,
Harpreet Brar (PBKS),13.0,8.0,2.0,52.0,17*,8.66,41.0,126.82,0.0,0.0,1.0,5.0,2.0,4.0,61.53846154,13.0,11.0,163.0,27.1,0.0,218.0,9.0,24.22,8.02,18.11,1.0,0.0
RV Patel (DC),5.0,4.0,1.0,49.0,23,16.33,43.0,113.95,0.0,0.0,0.0,3.0,1.0,7.0,36.73469388,,,,,,,,,,,,
B Kumar (SRH),14.0,6.0,3.0,42.0,27,14.0,47.0,89.36,0.0,0.0,0.0,4.0,0.0,8.0,38.0952381,14.0,14.0,306.0,51.0,1.0,425.0,16.0,26.56,8.33,19.12,0.0,1.0
Shahbaz Ahmed (RCB),10.0,6.0,2.0,42.0,20*,10.5,39.0,107.69,0.0,0.0,0.0,3.0,1.0,4.0,42.85714286,,,,,,,,,,,,
GD Phillips (SRH),5.0,5.0,0.0,39.0,25,7.8,22.0,177.27,0.0,0.0,1.0,2.0,4.0,5.0,82.05128205,5.0,2.0,18.0,3.0,0.0,20.0,1.0,20.0,6.66,18.0,0.0,0.0
M Jansen (SRH),8.0,6.0,3.0,39.0,17*,13.0,43.0,90.69,0.0,0.0,0.0,4.0,0.0,8.0,41.02564103,8.0,8.0,162.0,27.0,1.0,267.0,10.0,26.7,9.88,16.2,0.0,0.0
Vishnu Vinod (MI),3.0,3.0,0.0,37.0,30,12.33,31.0,119.35,0.0,0.0,0.0,2.0,2.0,5.0,54.05405405,,,,,,,,,,,,
A Nortje (DC),10.0,7.0,4.0,37.0,23*,12.33,29.0,127.58,0.0,0.0,1.0,6.0,0.0,1.0,64.86486486,10.0,10.0,240.0,40.0,0.0,364.0,10.0,36.4,9.1,24.0,0.0,0.0
DJ Willey (RCB),4.0,3.0,3.0,35.0,20*,0.0,32.0,109.37,0.0,0.0,0.0,4.0,0.0,5.0,45.71428571,4.0,4.0,90.0,15.0,1.0,105.0,3.0,35.0,7.0,30.0,0.0,0.0
SS Prabhudessai (RCB),5.0,4.0,0.0,35.0,19,8.75,29.0,120.68,0.0,0.0,1.0,1.0,2.0,6.0,45.71428571,,,,,,,,,,,,
Abishek Porel (DC),4.0,4.0,0.0,33.0,20,8.25,31.0,106.45,0.0,0.0,0.0,1.0,2.0,7.0,48.48484848,,,,,,,,,,,,
PWH de Silva (RCB),8.0,5.0,3.0,33.0,12*,16.5,28.0,117.85,0.0,0.0,0.0,3.0,0.0,5.0,36.36363636,8.0,8.0,174.0,29.0,0.0,258.0,9.0,28.66,8.89,19.33,0.0,0.0
Shubman Gill (GT),17.0,17.0,2.0,890.0,129,59.33,564.0,157.8,3.0,4.0,1.0,85.0,33.0,1.0,60.4494382,,,,,,,,,,,,
V Kohli (RCB),14.0,14.0,2.0,639.0,101*,53.25,457.0,139.82,2.0,6.0,1.0,65.0,16.0,3.0,55.71205008,,,,,,,,,,,,
YBK Jaiswal (RR),14.0,14.0,1.0,625.0,124,48.07,382.0,163.61,1.0,5.0,1.0,82.0,26.0,1.0,77.44,,,,,,,,,,,,
SA Yadav (MI),16.0,16.0,2.0,605.0,103*,43.21,334.0,181.13,1.0,5.0,1.0,65.0,28.0,3.0,70.74380165,,,,,,,,,,,,
C Green (MI),16.0,16.0,7.0,452.0,100*,50.22,282.0,160.28,1.0,2.0,0.0,40.0,22.0,3.0,64.60176991,16.0,16.0,228.0,38.0,0.0,361.0,6.0,60.16,9.5,38.0,0.0,0.0
H Klaasen (SRH),12.0,11.0,2.0,448.0,104,49.77,253.0,177.07,1.0,2.0,0.0,32.0,25.0,5.0,62.05357143,,,,,,,,,,,,
VR Iyer (KKR),14.0,14.0,0.0,404.0,104,28.85,277.0,145.84,1.0,2.0,1.0,32.0,21.0,3.0,62.87128713,,,,,,,,,,,,
Prabhsimran Singh (PBKS),14.0,14.0,0.0,358.0,103,25.57,238.0,150.42,1.0,1.0,2.0,38.0,19.0,3.0,74.30167598,,,,,,,,,,,,
HC Brook (SRH),11.0,11.0,2.0,190.0,100*,21.11,154.0,123.37,1.0,0.0,3.0,23.0,4.0,5.0,61.05263158,,,,,,,,,,,,
PP Chawla (MI),,,,,,,,,,,,,,,,16.0,16.0,366.0,61.0,0.0,495.0,22.0,22.5,8.11,16.63,0.0,0.0
TU Deshpande (CSK),,,,,,,,,,,,,,,,16.0,16.0,341.0,56.5,0.0,564.0,21.0,26.85,9.92,16.23,0.0,0.0
M Pathirana (CSK),,,,,,,,,,,,,,,,12.0,12.0,278.0,46.2,0.0,371.0,19.0,19.52,8.0,14.63,0.0,0.0
Noor Ahmad (GT),,,,,,,,,,,,,,,,13.0,13.0,283.0,47.1,0.0,369.0,16.0,23.06,7.82,17.68,0.0,0.0
Ravi Bishnoi (LSG),,,,,,,,,,,,,,,,15.0,14.0,303.0,50.3,0.0,391.0,16.0,24.43,7.74,18.93,0.0,0.0
JP Behrendorff (MI),,,,,,,,,,,,,,,,12.0,12.0,252.0,42.0,0.0,387.0,14.0,27.64,9.21,18.0,0.0,0.0
HV Patel (RCB),,,,,,,,,,,,,,,,14.0,13.0,282.0,47.0,0.0,454.0,14.0,32.42,9.65,20.14,0.0,0.0
DL Chahar (CSK),,,,,,,,,,,,,,,,10.0,10.0,204.0,34.0,0.0,297.0,13.0,22.84,8.73,15.69,0.0,0.0
SP Narine (KKR),,,,,,,,,,,,,,,,14.0,14.0,288.0,48.0,0.0,383.0,11.0,34.81,7.97,26.18,0.0,0.0
I Sharma (DC),,,,,,,,,,,,,,,,8.0,8.0,150.0,25.0,0.0,206.0,10.0,20.6,8.24,15.0,0.0,0.0
KV Sharma (RCB),,,,,,,,,,,,,,,,7.0,7.0,129.0,21.3,0.0,223.0,10.0,22.3,10.37,12.9,0.0,0.0
Suyash Sharma (KKR),,,,,,,,,,,,,,,,11.0,11.0,234.0,39.0,0.0,321.0,10.0,32.1,8.23,23.4,0.0,0.0
Sandeep Sharma (RR),,,,,,,,,,,,,,,,12.0,12.0,276.0,46.0,0.0,396.0,10.0,39.6,8.6,27.6,0.0,0.0
T Natarajan (SRH),,,,,,,,,,,,,,,,12.0,12.0,270.0,45.0,0.0,410.0,10.0,41.0,9.11,27.0,0.0,0.0
WD Parnell (RCB),,,,,,,,,,,,,,,,7.0,7.0,151.0,25.1,0.0,236.0,9.0,26.22,9.37,16.77,0.0,0.0
V Vyshak (RCB),,,,,,,,,,,,,,,,7.0,7.0,144.0,24.0,0.0,253.0,9.0,28.11,10.54,16.0,0.0,0.0
A Zampa (RR),,,,,,,,,,,,,,,,6.0,6.0,132.0,22.0,0.0,188.0,8.0,23.5,8.54,16.5,0.0,0.0
Avesh Khan (LSG),,,,,,,,,,,,,,,,9.0,9.0,174.0,29.0,0.0,283.0,8.0,35.36,9.75,21.75,0.0,0.0
RD Chahar (PBKS),,,,,,,,,,,,,,,,14.0,14.0,298.0,49.4,0.0,385.0,8.0,48.12,7.75,37.25,0.0,0.0
A Mishra (LSG),,,,,,,,,,,,,,,,7.0,7.0,114.0,19.0,0.0,149.0,7.0,21.28,7.84,16.28,0.0,0.0
RP Meredith (MI),,,,,,,,,,,,,,,,5.0,5.0,118.0,19.4,0.0,207.0,7.0,29.57,10.52,16.85,0.0,0.0
AS Joseph (GT),,,,,,,,,,,,,,,,7.0,7.0,144.0,24.0,0.0,225.0,7.0,32.14,9.37,20.57,0.0,0.0
K Rabada (PBKS),,,,,,,,,,,,,,,,6.0,6.0,138.0,23.0,0.0,232.0,7.0,33.14,10.08,19.71,0.0,0.0
JB Little (GT),,,,,,,,,,,,,,,,10.0,10.0,204.0,34.0,0.0,294.0,7.0,42.0,8.64,29.14,0.0,0.0
Mukesh Kumar (DC),,,,,,,,,,,,,,,,10.0,10.0,186.0,31.0,0.0,326.0,7.0,46.57,10.51,26.57,0.0,0.0
VG Arora (KKR),,,,,,,,,,,,,,,,5.0,5.0,96.0,16.0,0.0,146.0,5.0,29.2,9.12,19.2,0.0,0.0
Harshit Rana (KKR),,,,,,,,,,,,,,,,6.0,6.0,102.0,17.0,0.0,147.0,5.0,29.4,8.64,20.39,0.0,0.0
Akash Singh (CSK),,,,,,,,,,,,,,,,6.0,6.0,114.0,19.0,0.0,188.0,5.0,37.6,9.89,22.8,0.0,0.0
Arshad Khan (MI),,,,,,,,,,,,,,,,6.0,6.0,85.0,14.1,0.0,190.0,5.0,38.0,13.41,17.0,0.0,0.0
Umran Malik (SRH),,,,,,,,,,,,,,,,8.0,8.0,120.0,20.0,0.0,217.0,5.0,43.4,10.85,24.0,0.0,0.0
K Kartikeya (MI),,,,,,,,,,,,,,,,8.0,8.0,156.0,26.0,0.0,227.0,5.0,45.4,8.73,31.2,0.0,0.0
Fazalhaq Farooqi (SRH),,,,,,,,,,,,,,,,4.0,4.0,80.0,13.2,0.0,117.0,4.0,29.25,8.77,20.0,0.0,0.0
JO Holder (RR),,,,,,,,,,,,,,,,8.0,8.0,171.0,28.3,0.0,284.0,4.0,71.0,9.96,42.75,0.0,0.0
RS Hangargekar (CSK),,,,,,,,,,,,,,,,2.0,2.0,36.0,6.0,0.0,60.0,3.0,20.0,10.0,12.0,0.0,0.0
AS Roy (KKR),,,,,,,,,,,,,,,,4.0,3.0,48.0,8.0,0.0,65.0,3.0,21.66,8.12,16.0,0.0,0.0
Yudhvir Singh (LSG),,,,,,,,,,,,,,,,3.0,3.0,48.0,8.0,0.0,70.0,3.0,23.33,8.75,16.0,0.0,0.0
NA Saini (RR),,,,,,,,,,,,,,,,2.0,2.0,36.0,6.0,0.0,74.0,3.0,24.66,12.33,12.0,0.0,0.0
JR Hazlewood (RCB),,,,,,,,,,,,,,,,3.0,3.0,54.0,9.0,0.0,76.0,3.0,25.33,8.44,18.0,0.0,0.0
MJ Santner (CSK),,,,,,,,,,,,,,,,3.0,3.0,72.0,12.0,0.0,81.0,3.0,27.0,6.75,24.0,0.0,0.0
C Sakariya (DC),,,,,,,,,,,,,,,,2.0,2.0,48.0,8.0,0.0,89.0,3.0,29.66,11.12,16.0,0.0,0.0
AS Tendulkar (MI),,,,,,,,,,,,,,,,4.0,4.0,59.0,9.5,0.0,92.0,3.0,30.66,9.35,19.66,0.0,0.0
Mohsin Khan (LSG),,,,,,,,,,,,,,,,5.0,4.0,60.0,10.0,0.0,107.0,3.0,35.65,10.7,20.0,0.0,0.0
KM Asif (RR),,,,,,,,,,,,,,,,4.0,4.0,84.0,14.0,0.0,138.0,3.0,46.0,9.85,28.0,0.0,0.0
HR Shokeen (MI),,,,,,,,,,,,,,,,8.0,8.0,114.0,19.0,0.0,187.0,3.0,62.33,9.84,38.0,0.0,0.0
AU Rashid (SRH),,,,,,,,,,,,,,,,2.0,2.0,42.0,7.0,0.0,56.0,2.0,28.0,8.0,21.0,0.0,0.0
K Khejroliya (KKR),,,,,,,,,,,,,,,,2.0,2.0,26.0,4.2,0.0,64.0,2.0,32.0,14.76,13.0,0.0,0.0
K Yadav (RR),,,,,,,,,,,,,,,,2.0,2.0,42.0,7.0,0.0,68.0,2.0,34.0,9.71,21.0,0.0,0.0
TG Southee (KKR),,,,,,,,,,,,,,,,2.0,2.0,36.0,6.0,0.0,79.0,2.0,39.5,13.16,18.0,0.0,0.0
Yash Dayal (GT),,,,,,,,,,,,,,,,5.0,5.0,84.0,14.0,0.0,165.0,2.0,82.5,11.78,42.0,0.0,0.0
JC Archer (MI),,,,,,,,,,,,,,,,5.0,5.0,120.0,20.0,0.0,190.0,2.0,95.0,9.5,60.0,0.0,0.0
T Stubbs (MI),,,,,,,,,,,,,,,,2.0,1.0,12.0,2.0,0.0,14.0,1.0,14.0,7.0,12.0,0.0,0.0
RJW Topley (RCB),,,,,,,,,,,,,,,,1.0,1.0,12.0,2.0,0.0,14.0,1.0,14.0,7.0,12.0,0.0,0.0
R Powell (DC),,,,,,,,,,,,,,,,3.0,1.0,12.0,2.0,0.0,18.0,1.0,18.0,9.0,12.0,0.0,0.0
P Dubey (DC),,,,,,,,,,,,,,,,1.0,1.0,18.0,3.0,0.0,19.0,1.0,19.0,6.33,18.0,0.0,0.0
MM Sharma (GT),,,,,,,,,,,,,,,,14.0,14.0,265.0,44.1,0.0,361.0,27.0,13.37,8.17,9.81,2.0,1.0
YS Chahal (RR),,,,,,,,,,,,,,,,14.0,14.0,317.0,52.5,0.0,432.0,21.0,20.57,8.17,15.09,3.0,0.0
Mohammed Siraj (RCB),,,,,,,,,,,,,,,,14.0,14.0,300.0,50.0,0.0,375.0,19.0,19.73,7.5,15.78,1.0,0.0
Arshdeep Singh (PBKS),,,,,,,,,,,,,,,,14.0,14.0,305.0,50.5,0.0,493.0,17.0,29.0,9.69,17.94,1.0,0.0
A Madhwal (MI),,,,,,,,,,,,,,,,8.0,8.0,153.0,25.3,0.0,219.0,14.0,15.64,8.58,10.92,1.0,1.0
Yash Thakur (LSG),,,,,,,,,,,,,,,,9.0,9.0,191.0,31.5,0.0,289.0,13.0,22.23,9.07,14.69,1.0,0.0
NT Ellis (PBKS),,,,,,,,,,,,,,,,10.0,10.0,228.0,38.0,0.0,339.0,13.0,26.07,8.92,17.53,1.0,0.0
M Markande (SRH),,,,,,,,,,,,,,,,10.0,10.0,228.0,38.0,0.0,300.0,12.0,25.0,7.89,19.0,1.0,0.0
Naveen-ul-Haq (LSG),,,,,,,,,,,,,,,,8.0,7.0,168.0,28.0,0.0,219.0,11.0,19.89,7.82,15.27,1.0,0.0
Mohammed Shami (GT),,,,,,,,,,,,,,,,17.0,17.0,390.0,65.0,2.0,522.0,28.0,18.64,8.03,13.92,2.0,0.0
CV Varun (KKR),,,,,,,,,,,,,,,,14.0,14.0,316.0,52.4,1.0,429.0,20.0,21.45,8.14,15.8,1.0,0.0
TA Boult (RR),,,,,,,,,,,,,,,,10.0,10.0,228.0,38.0,3.0,312.0,13.0,24.0,8.21,17.53,0.0,0.0
MA Wood (LSG),,,,,,,,,,,,,,,,4.0,4.0,96.0,16.0,1.0,130.0,11.0,11.81,8.12,8.72,0.0,1.0
M Theekshana (CSK),,,,,,,,,,,,,,,,13.0,13.0,294.0,49.0,1.0,392.0,11.0,35.63,8.0,26.72,0.0,0.0
Kuldeep Yadav (DC),,,,,,,,,,,,,,,,14.0,14.0,294.0,49.0,1.0,361.0,10.0,36.1,7.36,29.4,0.0,0.0
KK Ahmed (DC),,,,,,,,,,,,,,,,9.0,9.0,198.0,33.0,2.0,301.0,9.0,33.44,9.12,22.0,0.0,0.0
CJ Jordan (MI),,,,,,,,,,,,,,,,6.0,6.0,132.0,22.0,1.0,237.0,3.0,79.0,10.77,44.0,0.0,0.0
